edge_id,source,relation,target,weight,epistemic_class,evidence_ref,status,notes
EDGE-0001,CORE-PERSON,pursues,CORE-OBJECTIVE,3,D,TP-001 framework,DEFINED,
EDGE-0002,CORE-SITUATION,has_actor,CORE-PERSON,3,D,RC-SCAN,DEFINED,
EDGE-0003,CORE-SITUATION,has_objective,CORE-OBJECTIVE,3,D,RC-SCAN,DEFINED,
EDGE-0004,CORE-SITUATION,occurs_in,ENV-PHYSICAL,2,E,Modelagem do mapa,DEFINED,
EDGE-0005,CORE-SITUATION,occurs_in,ENV-SOCIAL,2,E,Modelagem do mapa,DEFINED,
EDGE-0006,CORE-SITUATION,occurs_in,ENV-DIGITAL,2,E,Modelagem do mapa,DEFINED,
EDGE-0007,CORE-SITUATION,occurs_in,ENV-TEMPORAL,2,E,Modelagem do mapa,DEFINED,
EDGE-0008,ENV-PHYSICAL,stimulates_or_constrains,S1,2,E,Modelagem contextual,DEFINED,
EDGE-0009,ENV-PHYSICAL,stimulates_or_constrains,S2,2,E,Modelagem contextual,DEFINED,
EDGE-0010,ENV-PHYSICAL,stimulates_or_constrains,S4,2,E,Modelagem contextual,DEFINED,
EDGE-0011,ENV-SOCIAL,stimulates_or_constrains,S2,2,E,Modelagem contextual,DEFINED,
EDGE-0012,ENV-SOCIAL,stimulates_or_constrains,S6,2,E,Modelagem contextual,DEFINED,
EDGE-0013,ENV-SOCIAL,stimulates_or_constrains,S7,2,E,Modelagem contextual,DEFINED,
EDGE-0014,ENV-DIGITAL,stimulates_or_constrains,S1,2,E,Modelagem contextual,DEFINED,
EDGE-0015,ENV-DIGITAL,stimulates_or_constrains,S2,2,E,Modelagem contextual,DEFINED,
EDGE-0016,ENV-DIGITAL,stimulates_or_constrains,S8,2,E,Modelagem contextual,DEFINED,
EDGE-0017,ENV-TEMPORAL,stimulates_or_constrains,S3,2,E,Modelagem contextual,DEFINED,
EDGE-0018,ENV-TEMPORAL,stimulates_or_constrains,S6,2,E,Modelagem contextual,DEFINED,
EDGE-0019,S1,mobilizes,COG-M1,2,E,Modelagem cognitiva,DEFINED,
EDGE-0020,S1,mobilizes,COG-M2,2,E,Modelagem cognitiva,DEFINED,
EDGE-0021,S1,mobilizes,COG-M4,2,E,Modelagem cognitiva,DEFINED,
EDGE-0022,S2,mobilizes,COG-M2,2,E,Modelagem cognitiva,DEFINED,
EDGE-0023,S2,mobilizes,COG-M3,2,E,Modelagem cognitiva,DEFINED,
EDGE-0024,S2,mobilizes,COG-M5,2,E,Modelagem cognitiva,DEFINED,
EDGE-0025,S3,mobilizes,COG-M3,2,E,Modelagem cognitiva,DEFINED,
EDGE-0026,S3,mobilizes,COG-M5,2,E,Modelagem cognitiva,DEFINED,
EDGE-0027,S3,mobilizes,COG-M6,2,E,Modelagem cognitiva,DEFINED,
EDGE-0028,S4,mobilizes,COG-M1,2,E,Modelagem cognitiva,DEFINED,
EDGE-0029,S4,mobilizes,COG-M2,2,E,Modelagem cognitiva,DEFINED,
EDGE-0030,S4,mobilizes,COG-M6,2,E,Modelagem cognitiva,DEFINED,
EDGE-0031,S5,mobilizes,COG-M3,2,E,Modelagem cognitiva,DEFINED,
EDGE-0032,S5,mobilizes,COG-M5,2,E,Modelagem cognitiva,DEFINED,
EDGE-0033,S6,mobilizes,COG-M5,2,E,Modelagem cognitiva,DEFINED,
EDGE-0034,S6,mobilizes,COG-M6,2,E,Modelagem cognitiva,DEFINED,
EDGE-0035,S7,mobilizes,COG-M4,2,E,Modelagem cognitiva,DEFINED,
EDGE-0036,S7,mobilizes,COG-M5,2,E,Modelagem cognitiva,DEFINED,
EDGE-0037,S8,mobilizes,COG-M2,2,E,Modelagem cognitiva,DEFINED,
EDGE-0038,S8,mobilizes,COG-M3,2,E,Modelagem cognitiva,DEFINED,
EDGE-0039,S8,mobilizes,COG-M5,2,E,Modelagem cognitiva,DEFINED,
EDGE-0040,S8,mobilizes,COG-M6,2,E,Modelagem cognitiva,DEFINED,
EDGE-0041,STATE-STRESS,modulates,COG-M2,1,E,Modelagem transversal; não diagnóstico,DEFINED,
EDGE-0042,STATE-STRESS,modulates,COG-M3,1,E,Modelagem transversal; não diagnóstico,DEFINED,
EDGE-0043,STATE-STRESS,modulates,COG-M5,1,E,Modelagem transversal; não diagnóstico,DEFINED,
EDGE-0044,STATE-STRESS,modulates,COG-M6,1,E,Modelagem transversal; não diagnóstico,DEFINED,
EDGE-0045,STATE-FATIGUE,modulates,COG-M2,1,E,Modelagem transversal; não diagnóstico,DEFINED,
EDGE-0046,STATE-FATIGUE,modulates,COG-M5,1,E,Modelagem transversal; não diagnóstico,DEFINED,
EDGE-0047,STATE-FATIGUE,modulates,COG-M6,1,E,Modelagem transversal; não diagnóstico,DEFINED,
EDGE-0048,STATE-MOTIVATION,modulates,COG-M2,1,E,Modelagem transversal; não diagnóstico,DEFINED,
EDGE-0049,STATE-MOTIVATION,modulates,COG-M5,1,E,Modelagem transversal; não diagnóstico,DEFINED,
EDGE-0050,STATE-MOTIVATION,modulates,COG-M6,1,E,Modelagem transversal; não diagnóstico,DEFINED,
EDGE-0051,STATE-AROUSAL,modulates,COG-M1,1,E,Modelagem transversal; não diagnóstico,DEFINED,
EDGE-0052,STATE-AROUSAL,modulates,COG-M2,1,E,Modelagem transversal; não diagnóstico,DEFINED,
EDGE-0053,STATE-AROUSAL,modulates,COG-M6,1,E,Modelagem transversal; não diagnóstico,DEFINED,
EDGE-0054,STATE-THREAT,modulates,COG-M2,1,E,Modelagem transversal; não diagnóstico,DEFINED,
EDGE-0055,STATE-THREAT,modulates,COG-M5,1,E,Modelagem transversal; não diagnóstico,DEFINED,
EDGE-0056,STATE-THREAT,modulates,COG-M6,1,E,Modelagem transversal; não diagnóstico,DEFINED,
EDGE-0057,STATE-MOOD,modulates,COG-M3,1,E,Modelagem transversal; não diagnóstico,DEFINED,
EDGE-0058,STATE-MOOD,modulates,COG-M4,1,E,Modelagem transversal; não diagnóstico,DEFINED,
EDGE-0059,STATE-MOOD,modulates,COG-M6,1,E,Modelagem transversal; não diagnóstico,DEFINED,
EDGE-0060,COG-M1,contains_function,COG-M1-F01,3,E,Taxonomia funcional,DEFINED,
EDGE-0061,COG-M1,contains_function,COG-M1-F02,3,E,Taxonomia funcional,DEFINED,
EDGE-0062,COG-M1,contains_function,COG-M1-F03,3,E,Taxonomia funcional,DEFINED,
EDGE-0063,COG-M2,contains_function,COG-M2-F01,3,E,Taxonomia funcional,DEFINED,
EDGE-0064,COG-M2,contains_function,COG-M2-F02,3,E,Taxonomia funcional,DEFINED,
EDGE-0065,COG-M2,contains_function,COG-M2-F03,3,E,Taxonomia funcional,DEFINED,
EDGE-0066,COG-M2,contains_function,COG-M2-F04,3,E,Taxonomia funcional,DEFINED,
EDGE-0067,COG-M2,contains_function,COG-M2-F05,3,E,Taxonomia funcional,DEFINED,
EDGE-0068,COG-M3,contains_function,COG-M3-F01,3,E,Taxonomia funcional,DEFINED,
EDGE-0069,COG-M3,contains_function,COG-M3-F02,3,E,Taxonomia funcional,DEFINED,
EDGE-0070,COG-M3,contains_function,COG-M3-F03,3,E,Taxonomia funcional,DEFINED,
EDGE-0071,COG-M3,contains_function,COG-M3-F04,3,E,Taxonomia funcional,DEFINED,
EDGE-0072,COG-M3,contains_function,COG-M3-F05,3,E,Taxonomia funcional,DEFINED,
EDGE-0073,COG-M3,contains_function,COG-M3-F06,3,E,Taxonomia funcional,DEFINED,
EDGE-0074,COG-M3,contains_function,COG-M3-F07,3,E,Taxonomia funcional,DEFINED,
EDGE-0075,COG-M4,contains_function,COG-M4-F01,3,E,Taxonomia funcional,DEFINED,
EDGE-0076,COG-M4,contains_function,COG-M4-F02,3,E,Taxonomia funcional,DEFINED,
EDGE-0077,COG-M4,contains_function,COG-M4-F03,3,E,Taxonomia funcional,DEFINED,
EDGE-0078,COG-M4,contains_function,COG-M4-F04,3,E,Taxonomia funcional,DEFINED,
EDGE-0079,COG-M4,contains_function,COG-M4-F05,3,E,Taxonomia funcional,DEFINED,
EDGE-0080,COG-M4,contains_function,COG-M4-F06,3,E,Taxonomia funcional,DEFINED,
EDGE-0081,COG-M5,contains_function,COG-M5-F01,3,E,Taxonomia funcional,DEFINED,
EDGE-0082,COG-M5,contains_function,COG-M5-F02,3,E,Taxonomia funcional,DEFINED,
EDGE-0083,COG-M5,contains_function,COG-M5-F03,3,E,Taxonomia funcional,DEFINED,
EDGE-0084,COG-M5,contains_function,COG-M5-F04,3,E,Taxonomia funcional,DEFINED,
EDGE-0085,COG-M5,contains_function,COG-M5-F05,3,E,Taxonomia funcional,DEFINED,
EDGE-0086,COG-M5,contains_function,COG-M5-F06,3,E,Taxonomia funcional,DEFINED,
EDGE-0087,COG-M5,contains_function,COG-M5-F07,3,E,Taxonomia funcional,DEFINED,
EDGE-0088,COG-M5,contains_function,COG-M5-F08,3,E,Taxonomia funcional,DEFINED,
EDGE-0089,COG-M5,contains_function,COG-M5-F09,3,E,Taxonomia funcional,DEFINED,
EDGE-0090,COG-M6,contains_function,COG-M6-F01,3,E,Taxonomia funcional,DEFINED,
EDGE-0091,COG-M6,contains_function,COG-M6-F02,3,E,Taxonomia funcional,DEFINED,
EDGE-0092,COG-M6,contains_function,COG-M6-F03,3,E,Taxonomia funcional,DEFINED,
EDGE-0093,COG-M6,contains_function,COG-M6-F04,3,E,Taxonomia funcional,DEFINED,
EDGE-0094,COG-M6,contains_function,COG-M6-F05,3,E,Taxonomia funcional,DEFINED,
EDGE-0095,COG-M6,contains_function,COG-M6-F06,3,E,Taxonomia funcional,DEFINED,
EDGE-0096,COG-M1,may_manifest_as,MAN-BUSCA,1,E,Modelagem operacional,DEFINED,
EDGE-0097,COG-M1,may_manifest_as,MAN-CLUTTER,1,E,Modelagem operacional,DEFINED,
EDGE-0098,COG-M1,may_manifest_as,MAN-OMISSAO,1,E,Modelagem operacional,DEFINED,
EDGE-0099,COG-M2,may_manifest_as,MAN-DISTRACAO,1,E,Modelagem operacional,DEFINED,
EDGE-0100,COG-M2,may_manifest_as,MAN-INTERRUPCAO,1,E,Modelagem operacional,DEFINED,
EDGE-0101,COG-M2,may_manifest_as,MAN-FLUXO,1,E,Modelagem operacional,DEFINED,
EDGE-0102,COG-M3,may_manifest_as,MAN-RELEITURA,1,E,Modelagem operacional,DEFINED,
EDGE-0103,COG-M3,may_manifest_as,MAN-ESQUECIMENTO,1,E,Modelagem operacional,DEFINED,
EDGE-0104,COG-M3,may_manifest_as,MAN-CONTEXTO,1,E,Modelagem operacional,DEFINED,
EDGE-0105,COG-M3,may_manifest_as,MAN-CHECAGEM,1,E,Modelagem operacional,DEFINED,
EDGE-0106,COG-M4,may_manifest_as,MAN-COMPARACAO,1,E,Modelagem operacional,DEFINED,
EDGE-0107,COG-M4,may_manifest_as,MAN-AMBIGUIDADE,1,E,Modelagem operacional,DEFINED,
EDGE-0108,COG-M4,may_manifest_as,MAN-HESITACAO,1,E,Modelagem operacional,DEFINED,
EDGE-0109,COG-M5,may_manifest_as,MAN-INICIO,1,E,Modelagem operacional,DEFINED,
EDGE-0110,COG-M5,may_manifest_as,MAN-ESCOLHA,1,E,Modelagem operacional,DEFINED,
EDGE-0111,COG-M5,may_manifest_as,MAN-BLOQUEIO,1,E,Modelagem operacional,DEFINED,
EDGE-0112,COG-M5,may_manifest_as,MAN-TRANSICAO,1,E,Modelagem operacional,DEFINED,
EDGE-0113,COG-M5,may_manifest_as,MAN-MANUTENCAO,1,E,Modelagem operacional,DEFINED,
EDGE-0114,COG-M6,may_manifest_as,MAN-ATRASO,1,E,Modelagem operacional,DEFINED,
EDGE-0115,COG-M6,may_manifest_as,MAN-RETRABALHO,1,E,Modelagem operacional,DEFINED,
EDGE-0116,COG-M6,may_manifest_as,MAN-FLUXO,1,E,Modelagem operacional,DEFINED,
EDGE-0117,MAN-RELEITURA,signals_candidate_factor,FRC-03,3,D,RC-SCAN-QUESTION-CATALOG-V1 / factor-sense matrix,DEFINED,
EDGE-0118,MAN-RELEITURA,signals_candidate_factor,FRC-04,3,D,RC-SCAN-QUESTION-CATALOG-V1 / factor-sense matrix,DEFINED,
EDGE-0119,MAN-RELEITURA,signals_candidate_factor,FRC-05,3,D,RC-SCAN-QUESTION-CATALOG-V1 / factor-sense matrix,DEFINED,
EDGE-0120,MAN-RELEITURA,signals_candidate_factor,FRC-10,3,D,RC-SCAN-QUESTION-CATALOG-V1 / factor-sense matrix,DEFINED,
EDGE-0121,MAN-BUSCA,signals_candidate_factor,FRC-03,3,D,RC-SCAN-QUESTION-CATALOG-V1 / factor-sense matrix,DEFINED,
EDGE-0122,MAN-BUSCA,signals_candidate_factor,FRC-04,3,D,RC-SCAN-QUESTION-CATALOG-V1 / factor-sense matrix,DEFINED,
EDGE-0123,MAN-COMPARACAO,signals_candidate_factor,FRC-03,3,D,RC-SCAN-QUESTION-CATALOG-V1 / factor-sense matrix,DEFINED,
EDGE-0124,MAN-COMPARACAO,signals_candidate_factor,FRC-04,3,D,RC-SCAN-QUESTION-CATALOG-V1 / factor-sense matrix,DEFINED,
EDGE-0125,MAN-CLUTTER,signals_candidate_factor,FRC-04,3,D,RC-SCAN-QUESTION-CATALOG-V1 / factor-sense matrix,DEFINED,
EDGE-0126,MAN-CLUTTER,signals_candidate_factor,FRC-18,3,D,RC-SCAN-QUESTION-CATALOG-V1 / factor-sense matrix,DEFINED,
EDGE-0127,MAN-OMISSAO,signals_candidate_factor,FRC-03,3,D,RC-SCAN-QUESTION-CATALOG-V1 / factor-sense matrix,DEFINED,
EDGE-0128,MAN-OMISSAO,signals_candidate_factor,FRC-11,3,D,RC-SCAN-QUESTION-CATALOG-V1 / factor-sense matrix,DEFINED,
EDGE-0129,MAN-INTERRUPCAO,signals_candidate_factor,FRC-05,3,D,RC-SCAN-QUESTION-CATALOG-V1 / factor-sense matrix,DEFINED,
EDGE-0130,MAN-INTERRUPCAO,signals_candidate_factor,FRC-15,3,D,RC-SCAN-QUESTION-CATALOG-V1 / factor-sense matrix,DEFINED,
EDGE-0131,MAN-INTERRUPCAO,signals_candidate_factor,FRC-18,3,D,RC-SCAN-QUESTION-CATALOG-V1 / factor-sense matrix,DEFINED,
EDGE-0132,MAN-RETOMADA,signals_candidate_factor,FRC-05,3,D,RC-SCAN-QUESTION-CATALOG-V1 / factor-sense matrix,DEFINED,
EDGE-0133,MAN-RETOMADA,signals_candidate_factor,FRC-10,3,D,RC-SCAN-QUESTION-CATALOG-V1 / factor-sense matrix,DEFINED,
EDGE-0134,MAN-DISTRACAO,signals_candidate_factor,FRC-05,3,D,RC-SCAN-QUESTION-CATALOG-V1 / factor-sense matrix,DEFINED,
EDGE-0135,MAN-DISTRACAO,signals_candidate_factor,FRC-14,3,D,RC-SCAN-QUESTION-CATALOG-V1 / factor-sense matrix,DEFINED,
EDGE-0136,MAN-DISTRACAO,signals_candidate_factor,FRC-18,3,D,RC-SCAN-QUESTION-CATALOG-V1 / factor-sense matrix,DEFINED,
EDGE-0137,MAN-FLUXO,signals_candidate_factor,FRC-05,3,D,RC-SCAN-QUESTION-CATALOG-V1 / factor-sense matrix,DEFINED,
EDGE-0138,MAN-FLUXO,signals_candidate_factor,FRC-15,3,D,RC-SCAN-QUESTION-CATALOG-V1 / factor-sense matrix,DEFINED,
EDGE-0139,MAN-ATRASO,signals_candidate_factor,FRC-11,3,D,RC-SCAN-QUESTION-CATALOG-V1 / factor-sense matrix,DEFINED,
EDGE-0140,MAN-ATRASO,signals_candidate_factor,FRC-13,3,D,RC-SCAN-QUESTION-CATALOG-V1 / factor-sense matrix,DEFINED,
EDGE-0141,MAN-ATRASO,signals_candidate_factor,FRC-17,3,D,RC-SCAN-QUESTION-CATALOG-V1 / factor-sense matrix,DEFINED,
EDGE-0142,MAN-ESQUECIMENTO,signals_candidate_factor,FRC-10,3,D,RC-SCAN-QUESTION-CATALOG-V1 / factor-sense matrix,DEFINED,
EDGE-0143,MAN-ESQUECIMENTO,signals_candidate_factor,FRC-11,3,D,RC-SCAN-QUESTION-CATALOG-V1 / factor-sense matrix,DEFINED,
EDGE-0144,MAN-INICIO,signals_candidate_factor,FRC-06,3,D,RC-SCAN-QUESTION-CATALOG-V1 / factor-sense matrix,DEFINED,
EDGE-0145,MAN-INICIO,signals_candidate_factor,FRC-16,3,D,RC-SCAN-QUESTION-CATALOG-V1 / factor-sense matrix,DEFINED,
EDGE-0146,MAN-INICIO,signals_candidate_factor,FRC-17,3,D,RC-SCAN-QUESTION-CATALOG-V1 / factor-sense matrix,DEFINED,
EDGE-0147,MAN-TRANSICAO,signals_candidate_factor,FRC-05,3,D,RC-SCAN-QUESTION-CATALOG-V1 / factor-sense matrix,DEFINED,
EDGE-0148,MAN-TRANSICAO,signals_candidate_factor,FRC-17,3,D,RC-SCAN-QUESTION-CATALOG-V1 / factor-sense matrix,DEFINED,
EDGE-0149,MAN-MANUTENCAO,signals_candidate_factor,FRC-02,3,D,RC-SCAN-QUESTION-CATALOG-V1 / factor-sense matrix,DEFINED,
EDGE-0150,MAN-MANUTENCAO,signals_candidate_factor,FRC-09,3,D,RC-SCAN-QUESTION-CATALOG-V1 / factor-sense matrix,DEFINED,
EDGE-0151,MAN-MANUTENCAO,signals_candidate_factor,FRC-10,3,D,RC-SCAN-QUESTION-CATALOG-V1 / factor-sense matrix,DEFINED,
EDGE-0152,MAN-MANUTENCAO,signals_candidate_factor,FRC-11,3,D,RC-SCAN-QUESTION-CATALOG-V1 / factor-sense matrix,DEFINED,
EDGE-0153,MAN-CONTEXTO,signals_candidate_factor,FRC-05,3,D,RC-SCAN-QUESTION-CATALOG-V1 / factor-sense matrix,DEFINED,
EDGE-0154,MAN-CONTEXTO,signals_candidate_factor,FRC-10,3,D,RC-SCAN-QUESTION-CATALOG-V1 / factor-sense matrix,DEFINED,
EDGE-0155,MAN-CONTEXTO,signals_candidate_factor,FRC-15,3,D,RC-SCAN-QUESTION-CATALOG-V1 / factor-sense matrix,DEFINED,
EDGE-0156,MAN-CHECAGEM,signals_candidate_factor,FRC-10,3,D,RC-SCAN-QUESTION-CATALOG-V1 / factor-sense matrix,DEFINED,
EDGE-0157,MAN-CHECAGEM,signals_candidate_factor,FRC-11,3,D,RC-SCAN-QUESTION-CATALOG-V1 / factor-sense matrix,DEFINED,
EDGE-0158,MAN-HESITACAO,signals_candidate_factor,FRC-06,3,D,RC-SCAN-QUESTION-CATALOG-V1 / factor-sense matrix,DEFINED,
EDGE-0159,MAN-HESITACAO,signals_candidate_factor,FRC-12,3,D,RC-SCAN-QUESTION-CATALOG-V1 / factor-sense matrix,DEFINED,
EDGE-0160,MAN-HESITACAO,signals_candidate_factor,FRC-13,3,D,RC-SCAN-QUESTION-CATALOG-V1 / factor-sense matrix,DEFINED,
EDGE-0161,MAN-AMBIGUIDADE,signals_candidate_factor,FRC-07,3,D,RC-SCAN-QUESTION-CATALOG-V1 / factor-sense matrix,DEFINED,
EDGE-0162,MAN-ESCOLHA,signals_candidate_factor,FRC-12,3,D,RC-SCAN-QUESTION-CATALOG-V1 / factor-sense matrix,DEFINED,
EDGE-0163,MAN-ESCOLHA,signals_candidate_factor,FRC-13,3,D,RC-SCAN-QUESTION-CATALOG-V1 / factor-sense matrix,DEFINED,
EDGE-0164,MAN-BLOQUEIO,signals_candidate_factor,FRC-09,3,D,RC-SCAN-QUESTION-CATALOG-V1 / factor-sense matrix,DEFINED,
EDGE-0165,MAN-BLOQUEIO,signals_candidate_factor,FRC-17,3,D,RC-SCAN-QUESTION-CATALOG-V1 / factor-sense matrix,DEFINED,
EDGE-0166,MAN-DEPENDENCIA,signals_candidate_factor,FRC-09,3,D,RC-SCAN-QUESTION-CATALOG-V1 / factor-sense matrix,DEFINED,
EDGE-0167,MAN-DEPENDENCIA,signals_candidate_factor,FRC-20,3,D,RC-SCAN-QUESTION-CATALOG-V1 / factor-sense matrix,DEFINED,
EDGE-0168,MAN-RETRABALHO,signals_candidate_factor,FRC-09,3,D,RC-SCAN-QUESTION-CATALOG-V1 / factor-sense matrix,DEFINED,
EDGE-0169,MAN-RETRABALHO,signals_candidate_factor,FRC-19,3,D,RC-SCAN-QUESTION-CATALOG-V1 / factor-sense matrix,DEFINED,
EDGE-0170,MAN-RETRABALHO,signals_candidate_factor,FRC-20,3,D,RC-SCAN-QUESTION-CATALOG-V1 / factor-sense matrix,DEFINED,
EDGE-0171,MAN-FRAGMENTACAO,signals_candidate_factor,FRC-15,3,D,RC-SCAN-QUESTION-CATALOG-V1 / factor-sense matrix,DEFINED,
EDGE-0172,MAN-FRAGMENTACAO,signals_candidate_factor,FRC-19,3,D,RC-SCAN-QUESTION-CATALOG-V1 / factor-sense matrix,DEFINED,
EDGE-0173,MAN-DUPLICACAO,signals_candidate_factor,FRC-15,3,D,RC-SCAN-QUESTION-CATALOG-V1 / factor-sense matrix,DEFINED,
EDGE-0174,MAN-DUPLICACAO,signals_candidate_factor,FRC-19,3,D,RC-SCAN-QUESTION-CATALOG-V1 / factor-sense matrix,DEFINED,
EDGE-0175,MAN-DUPLICACAO,signals_candidate_factor,FRC-20,3,D,RC-SCAN-QUESTION-CATALOG-V1 / factor-sense matrix,DEFINED,
EDGE-0176,S7,associated_with_factor,FRC-01,3,D,TP-001 factor × senses matrix,DEFINED,
EDGE-0177,S8,associated_with_factor,FRC-01,3,D,TP-001 factor × senses matrix,DEFINED,
EDGE-0178,S5,associated_with_factor,FRC-02,3,D,TP-001 factor × senses matrix,DEFINED,
EDGE-0179,S6,associated_with_factor,FRC-02,3,D,TP-001 factor × senses matrix,DEFINED,
EDGE-0180,S1,associated_with_factor,FRC-03,3,D,TP-001 factor × senses matrix,DEFINED,
EDGE-0181,S5,associated_with_factor,FRC-03,3,D,TP-001 factor × senses matrix,DEFINED,
EDGE-0182,S1,associated_with_factor,FRC-04,3,D,TP-001 factor × senses matrix,DEFINED,
EDGE-0183,S2,associated_with_factor,FRC-05,3,D,TP-001 factor × senses matrix,DEFINED,
EDGE-0184,S5,associated_with_factor,FRC-05,3,D,TP-001 factor × senses matrix,DEFINED,
EDGE-0185,S3,associated_with_factor,FRC-05,3,D,TP-001 factor × senses matrix,DEFINED,
EDGE-0186,S6,associated_with_factor,FRC-06,3,D,TP-001 factor × senses matrix,DEFINED,
EDGE-0187,S7,associated_with_factor,FRC-06,3,D,TP-001 factor × senses matrix,DEFINED,
EDGE-0188,S1,associated_with_factor,FRC-07,3,D,TP-001 factor × senses matrix,DEFINED,
EDGE-0189,S6,associated_with_factor,FRC-07,3,D,TP-001 factor × senses matrix,DEFINED,
EDGE-0190,S1,associated_with_factor,FRC-08,3,D,TP-001 factor × senses matrix,DEFINED,
EDGE-0191,S5,associated_with_factor,FRC-08,3,D,TP-001 factor × senses matrix,DEFINED,
EDGE-0192,S7,associated_with_factor,FRC-09,3,D,TP-001 factor × senses matrix,DEFINED,
EDGE-0193,S5,associated_with_factor,FRC-09,3,D,TP-001 factor × senses matrix,DEFINED,
EDGE-0194,S5,associated_with_factor,FRC-10,3,D,TP-001 factor × senses matrix,DEFINED,
EDGE-0195,S8,associated_with_factor,FRC-10,3,D,TP-001 factor × senses matrix,DEFINED,
EDGE-0196,S3,associated_with_factor,FRC-11,3,D,TP-001 factor × senses matrix,DEFINED,
EDGE-0197,S5,associated_with_factor,FRC-11,3,D,TP-001 factor × senses matrix,DEFINED,
EDGE-0198,S6,associated_with_factor,FRC-12,3,D,TP-001 factor × senses matrix,DEFINED,
EDGE-0199,S8,associated_with_factor,FRC-12,3,D,TP-001 factor × senses matrix,DEFINED,
EDGE-0200,S6,associated_with_factor,FRC-13,3,D,TP-001 factor × senses matrix,DEFINED,
EDGE-0201,S3,associated_with_factor,FRC-13,3,D,TP-001 factor × senses matrix,DEFINED,
EDGE-0202,S4,associated_with_factor,FRC-14,3,D,TP-001 factor × senses matrix,DEFINED,
EDGE-0203,S2,associated_with_factor,FRC-14,3,D,TP-001 factor × senses matrix,DEFINED,
EDGE-0204,S1,associated_with_factor,FRC-14,3,D,TP-001 factor × senses matrix,DEFINED,
EDGE-0205,S8,associated_with_factor,FRC-15,3,D,TP-001 factor × senses matrix,DEFINED,
EDGE-0206,S1,associated_with_factor,FRC-15,3,D,TP-001 factor × senses matrix,DEFINED,
EDGE-0207,S2,associated_with_factor,FRC-15,3,D,TP-001 factor × senses matrix,DEFINED,
EDGE-0208,S3,associated_with_factor,FRC-16,3,D,TP-001 factor × senses matrix,DEFINED,
EDGE-0209,S4,associated_with_factor,FRC-16,3,D,TP-001 factor × senses matrix,DEFINED,
EDGE-0210,S6,associated_with_factor,FRC-16,3,D,TP-001 factor × senses matrix,DEFINED,
EDGE-0211,S3,associated_with_factor,FRC-17,3,D,TP-001 factor × senses matrix,DEFINED,
EDGE-0212,S5,associated_with_factor,FRC-17,3,D,TP-001 factor × senses matrix,DEFINED,
EDGE-0213,S6,associated_with_factor,FRC-17,3,D,TP-001 factor × senses matrix,DEFINED,
EDGE-0214,S1,associated_with_factor,FRC-18,3,D,TP-001 factor × senses matrix,DEFINED,
EDGE-0215,S2,associated_with_factor,FRC-18,3,D,TP-001 factor × senses matrix,DEFINED,
EDGE-0216,S5,associated_with_factor,FRC-18,3,D,TP-001 factor × senses matrix,DEFINED,
EDGE-0217,S1,associated_with_factor,FRC-19,3,D,TP-001 factor × senses matrix,DEFINED,
EDGE-0218,S2,associated_with_factor,FRC-19,3,D,TP-001 factor × senses matrix,DEFINED,
EDGE-0219,S3,associated_with_factor,FRC-19,3,D,TP-001 factor × senses matrix,DEFINED,
EDGE-0220,S4,associated_with_factor,FRC-19,3,D,TP-001 factor × senses matrix,DEFINED,
EDGE-0221,S5,associated_with_factor,FRC-19,3,D,TP-001 factor × senses matrix,DEFINED,
EDGE-0222,S6,associated_with_factor,FRC-19,3,D,TP-001 factor × senses matrix,DEFINED,
EDGE-0223,S7,associated_with_factor,FRC-19,3,D,TP-001 factor × senses matrix,DEFINED,
EDGE-0224,S8,associated_with_factor,FRC-19,3,D,TP-001 factor × senses matrix,DEFINED,
EDGE-0225,S7,associated_with_factor,FRC-20,3,D,TP-001 factor × senses matrix,DEFINED,
EDGE-0226,S8,associated_with_factor,FRC-20,3,D,TP-001 factor × senses matrix,DEFINED,
EDGE-0227,FRC-01,may_increase,DEM-COG,2,D,TP-001 thesis / factor model,Não implica risco automaticamente.,
EDGE-0228,FRC-02,may_increase,DEM-COG,2,D,TP-001 thesis / factor model,Não implica risco automaticamente.,
EDGE-0229,FRC-03,may_increase,DEM-COG,2,D,TP-001 thesis / factor model,Não implica risco automaticamente.,
EDGE-0230,FRC-04,may_increase,DEM-COG,2,D,TP-001 thesis / factor model,Não implica risco automaticamente.,
EDGE-0231,FRC-05,may_increase,DEM-COG,2,D,TP-001 thesis / factor model,Não implica risco automaticamente.,
EDGE-0232,FRC-06,may_increase,DEM-COG,2,D,TP-001 thesis / factor model,Não implica risco automaticamente.,
EDGE-0233,FRC-07,may_increase,DEM-COG,2,D,TP-001 thesis / factor model,Não implica risco automaticamente.,
EDGE-0234,FRC-08,may_increase,DEM-COG,2,D,TP-001 thesis / factor model,Não implica risco automaticamente.,
EDGE-0235,FRC-09,may_increase,DEM-COG,2,D,TP-001 thesis / factor model,Não implica risco automaticamente.,
EDGE-0236,FRC-10,may_increase,DEM-COG,2,D,TP-001 thesis / factor model,Não implica risco automaticamente.,
EDGE-0237,FRC-11,may_increase,DEM-COG,2,D,TP-001 thesis / factor model,Não implica risco automaticamente.,
EDGE-0238,FRC-12,may_increase,DEM-COG,2,D,TP-001 thesis / factor model,Não implica risco automaticamente.,
EDGE-0239,FRC-13,may_increase,DEM-COG,2,D,TP-001 thesis / factor model,Não implica risco automaticamente.,
EDGE-0240,FRC-14,may_increase,DEM-COG,2,D,TP-001 thesis / factor model,Não implica risco automaticamente.,
EDGE-0241,FRC-15,may_increase,DEM-COG,2,D,TP-001 thesis / factor model,Não implica risco automaticamente.,
EDGE-0242,FRC-16,may_increase,DEM-COG,2,D,TP-001 thesis / factor model,Não implica risco automaticamente.,
EDGE-0243,FRC-17,may_increase,DEM-COG,2,D,TP-001 thesis / factor model,Não implica risco automaticamente.,
EDGE-0244,FRC-18,may_increase,DEM-COG,2,D,TP-001 thesis / factor model,Não implica risco automaticamente.,
EDGE-0245,FRC-19,may_increase,DEM-COG,2,D,TP-001 thesis / factor model,Não implica risco automaticamente.,
EDGE-0246,FRC-20,may_increase,DEM-COG,2,D,TP-001 thesis / factor model,Não implica risco automaticamente.,
EDGE-0247,CORE-OBJECTIVE,frames,DEM-COG,3,D,TP-001 framework,DEFINED,
EDGE-0248,VULN-CONTEXT,interacts_with,DEM-COG,3,D,TP-001 framework,DEFINED,
EDGE-0249,DEM-COG,may_create,EXP-COG,3,D,TP-001 framework,DEFINED,
EDGE-0250,EXP-COG,may_contribute_to,RISK-POSSIBLE,3,D,TP-001 framework,DEFINED,
EDGE-0251,RISK-POSSIBLE,may_result_in,IMPACT-ERROR,2,D,TP-001 framework / operational impacts,DEFINED,
EDGE-0252,RISK-POSSIBLE,may_result_in,IMPACT-DELAY,2,D,TP-001 framework / operational impacts,DEFINED,
EDGE-0253,RISK-POSSIBLE,may_result_in,IMPACT-FORGET,2,D,TP-001 framework / operational impacts,DEFINED,
EDGE-0254,RISK-POSSIBLE,may_result_in,IMPACT-REWORK,2,D,TP-001 framework / operational impacts,DEFINED,
EDGE-0255,RISK-POSSIBLE,may_result_in,IMPACT-ABANDON,2,D,TP-001 framework / operational impacts,DEFINED,
EDGE-0256,RISK-POSSIBLE,may_result_in,IMPACT-CONTINUITY,2,D,TP-001 framework / operational impacts,DEFINED,
EDGE-0257,FRC-01,has_conceptual_solution,SOL-01,3,D,TP-001.FACTOR_SOLUTION_MATRIX.V1,"For 12 non-priority FRCs this is conceptual, not Scanner-authorized intervention.",
EDGE-0258,SOL-01,implemented_by_engine,ENGINE-CONTROL,3,D,TP-001 solution architecture,DEFINED,
EDGE-0259,FRC-02,has_conceptual_solution,SOL-02,3,D,TP-001.FACTOR_SOLUTION_MATRIX.V1,"For 12 non-priority FRCs this is conceptual, not Scanner-authorized intervention.",
EDGE-0260,SOL-02,implemented_by_engine,ENGINE-SCAN,3,D,TP-001 solution architecture,DEFINED,
EDGE-0261,FRC-03,has_conceptual_solution,SOL-03,3,D,TP-001.FACTOR_SOLUTION_MATRIX.V1,"For 12 non-priority FRCs this is conceptual, not Scanner-authorized intervention.",
EDGE-0262,SOL-03,implemented_by_engine,ENGINE-CONVERT,3,D,TP-001 solution architecture,DEFINED,
EDGE-0263,FRC-04,has_conceptual_solution,SOL-04,3,D,TP-001.FACTOR_SOLUTION_MATRIX.V1,"For 12 non-priority FRCs this is conceptual, not Scanner-authorized intervention.",
EDGE-0264,SOL-04,implemented_by_engine,ENGINE-CONVERT,3,D,TP-001 solution architecture,DEFINED,
EDGE-0265,FRC-05,has_conceptual_solution,SOL-05,3,D,TP-001.FACTOR_SOLUTION_MATRIX.V1,"For 12 non-priority FRCs this is conceptual, not Scanner-authorized intervention.",
EDGE-0266,SOL-05,implemented_by_engine,ENGINE-FOCUS,3,D,TP-001 solution architecture,DEFINED,
EDGE-0267,FRC-06,has_conceptual_solution,SOL-06,3,D,TP-001.FACTOR_SOLUTION_MATRIX.V1,"For 12 non-priority FRCs this is conceptual, not Scanner-authorized intervention.",
EDGE-0268,SOL-06,implemented_by_engine,ENGINE-CONVERT,3,D,TP-001 solution architecture,DEFINED,
EDGE-0269,FRC-07,has_conceptual_solution,SOL-07,3,D,TP-001.FACTOR_SOLUTION_MATRIX.V1,"For 12 non-priority FRCs this is conceptual, not Scanner-authorized intervention.",
EDGE-0270,SOL-07,implemented_by_engine,ENGINE-CONVERT,3,D,TP-001 solution architecture,DEFINED,
EDGE-0271,FRC-08,has_conceptual_solution,SOL-08,3,D,TP-001.FACTOR_SOLUTION_MATRIX.V1,"For 12 non-priority FRCs this is conceptual, not Scanner-authorized intervention.",
EDGE-0272,SOL-08,implemented_by_engine,ENGINE-CONVERT,3,D,TP-001 solution architecture,DEFINED,
EDGE-0273,FRC-09,has_conceptual_solution,SOL-09,3,D,TP-001.FACTOR_SOLUTION_MATRIX.V1,"For 12 non-priority FRCs this is conceptual, not Scanner-authorized intervention.",
EDGE-0274,SOL-09,implemented_by_engine,ENGINE-MAP,3,D,TP-001 solution architecture,DEFINED,
EDGE-0275,FRC-10,has_conceptual_solution,SOL-10,3,D,TP-001.FACTOR_SOLUTION_MATRIX.V1,"For 12 non-priority FRCs this is conceptual, not Scanner-authorized intervention.",
EDGE-0276,SOL-10,implemented_by_engine,ENGINE-REMEMBER,3,D,TP-001 solution architecture,DEFINED,
EDGE-0277,FRC-11,has_conceptual_solution,SOL-11,3,D,TP-001.FACTOR_SOLUTION_MATRIX.V1,"For 12 non-priority FRCs this is conceptual, not Scanner-authorized intervention.",
EDGE-0278,SOL-11,implemented_by_engine,ENGINE-REMEMBER,3,D,TP-001 solution architecture,DEFINED,
EDGE-0279,FRC-12,has_conceptual_solution,SOL-12,3,D,TP-001.FACTOR_SOLUTION_MATRIX.V1,"For 12 non-priority FRCs this is conceptual, not Scanner-authorized intervention.",
EDGE-0280,SOL-12,implemented_by_engine,ENGINE-SCAN,3,D,TP-001 solution architecture,DEFINED,
EDGE-0281,FRC-13,has_conceptual_solution,SOL-13,3,D,TP-001.FACTOR_SOLUTION_MATRIX.V1,"For 12 non-priority FRCs this is conceptual, not Scanner-authorized intervention.",
EDGE-0282,SOL-13,implemented_by_engine,ENGINE-CONTROL,3,D,TP-001 solution architecture,DEFINED,
EDGE-0283,FRC-14,has_conceptual_solution,SOL-14,3,D,TP-001.FACTOR_SOLUTION_MATRIX.V1,"For 12 non-priority FRCs this is conceptual, not Scanner-authorized intervention.",
EDGE-0284,SOL-14,implemented_by_engine,ENGINE-SCAN,3,D,TP-001 solution architecture,DEFINED,
EDGE-0285,FRC-15,has_conceptual_solution,SOL-15,3,D,TP-001.FACTOR_SOLUTION_MATRIX.V1,"For 12 non-priority FRCs this is conceptual, not Scanner-authorized intervention.",
EDGE-0286,SOL-15,implemented_by_engine,ENGINE-FOCUS,3,D,TP-001 solution architecture,DEFINED,
EDGE-0287,FRC-16,has_conceptual_solution,SOL-16,3,D,TP-001.FACTOR_SOLUTION_MATRIX.V1,"For 12 non-priority FRCs this is conceptual, not Scanner-authorized intervention.",
EDGE-0288,SOL-16,implemented_by_engine,ENGINE-REMEMBER,3,D,TP-001 solution architecture,DEFINED,
EDGE-0289,FRC-17,has_conceptual_solution,SOL-17,3,D,TP-001.FACTOR_SOLUTION_MATRIX.V1,"For 12 non-priority FRCs this is conceptual, not Scanner-authorized intervention.",
EDGE-0290,SOL-17,implemented_by_engine,ENGINE-MAP,3,D,TP-001 solution architecture,DEFINED,
EDGE-0291,FRC-18,has_conceptual_solution,SOL-18,3,D,TP-001.FACTOR_SOLUTION_MATRIX.V1,"For 12 non-priority FRCs this is conceptual, not Scanner-authorized intervention.",
EDGE-0292,SOL-18,implemented_by_engine,ENGINE-FOCUS,3,D,TP-001 solution architecture,DEFINED,
EDGE-0293,FRC-19,has_conceptual_solution,SOL-19,3,D,TP-001.FACTOR_SOLUTION_MATRIX.V1,"For 12 non-priority FRCs this is conceptual, not Scanner-authorized intervention.",
EDGE-0294,SOL-19,implemented_by_engine,ENGINE-SCAN,3,D,TP-001 solution architecture,DEFINED,
EDGE-0295,FRC-20,has_conceptual_solution,SOL-20,3,D,TP-001.FACTOR_SOLUTION_MATRIX.V1,"For 12 non-priority FRCs this is conceptual, not Scanner-authorized intervention.",
EDGE-0296,SOL-20,implemented_by_engine,ENGINE-CONTROL,3,D,TP-001 solution architecture,DEFINED,
EDGE-0297,FRC-03,mitigated_preventively_by,CTRL-FRC03-P,3,D,RC-SCAN-INTERVENTION-CATALOG-V1,Authorized for Scanner priority catalog.,
EDGE-0298,CTRL-FRC03-P,implemented_by,SOL-03,3,D,RC-SCAN-INTERVENTION-CATALOG-V1,DEFINED,
EDGE-0299,FRC-03,detected_by,CTRL-FRC03-D,3,D,RC-SCAN-INTERVENTION-CATALOG-V1,Authorized for Scanner priority catalog.,
EDGE-0300,CTRL-FRC03-D,implemented_by,SOL-03,3,D,RC-SCAN-INTERVENTION-CATALOG-V1,DEFINED,
EDGE-0301,FRC-03,corrected_by,CTRL-FRC03-C,3,D,RC-SCAN-INTERVENTION-CATALOG-V1,Authorized for Scanner priority catalog.,
EDGE-0302,CTRL-FRC03-C,implemented_by,SOL-03,3,D,RC-SCAN-INTERVENTION-CATALOG-V1,DEFINED,
EDGE-0303,SOL-03,produces_action,ACTION-03,3,D,RC-SCAN-INTERVENTION-CATALOG-V1,DEFINED,
EDGE-0304,SOL-03,measured_by,METRIC-03-01,3,D,RC-SCAN-INTERVENTION-CATALOG-V1,DEFINED,
EDGE-0305,METRIC-03-01,feeds,FEEDBACK-TEST,2,D,RC-SCAN output/feedback,DEFINED,
EDGE-0306,SOL-03,measured_by,METRIC-03-02,3,D,RC-SCAN-INTERVENTION-CATALOG-V1,DEFINED,
EDGE-0307,METRIC-03-02,feeds,FEEDBACK-TEST,2,D,RC-SCAN output/feedback,DEFINED,
EDGE-0308,SOL-03,measured_by,METRIC-03-03,3,D,RC-SCAN-INTERVENTION-CATALOG-V1,DEFINED,
EDGE-0309,METRIC-03-03,feeds,FEEDBACK-TEST,2,D,RC-SCAN output/feedback,DEFINED,
EDGE-0310,SOL-03,measured_by,METRIC-03-04,3,D,RC-SCAN-INTERVENTION-CATALOG-V1,DEFINED,
EDGE-0311,METRIC-03-04,feeds,FEEDBACK-TEST,2,D,RC-SCAN output/feedback,DEFINED,
EDGE-0312,SOL-03,supported_by_claim,CLAIM-02,3,D,TP-001 authorized claims,DEFINED,
EDGE-0313,CLAIM-02,supported_by,EVD-02,3,D,TP-001 evidence matrix,DEFINED,
EDGE-0314,SOL-03,supported_by_claim,CLAIM-03,3,D,TP-001 authorized claims,DEFINED,
EDGE-0315,CLAIM-03,supported_by,EVD-03,3,D,TP-001 evidence matrix,DEFINED,
EDGE-0316,FRC-04,mitigated_preventively_by,CTRL-FRC04-P,3,D,RC-SCAN-INTERVENTION-CATALOG-V1,Authorized for Scanner priority catalog.,
EDGE-0317,CTRL-FRC04-P,implemented_by,SOL-04,3,D,RC-SCAN-INTERVENTION-CATALOG-V1,DEFINED,
EDGE-0318,FRC-04,detected_by,CTRL-FRC04-D,3,D,RC-SCAN-INTERVENTION-CATALOG-V1,Authorized for Scanner priority catalog.,
EDGE-0319,CTRL-FRC04-D,implemented_by,SOL-04,3,D,RC-SCAN-INTERVENTION-CATALOG-V1,DEFINED,
EDGE-0320,FRC-04,corrected_by,CTRL-FRC04-C,3,D,RC-SCAN-INTERVENTION-CATALOG-V1,Authorized for Scanner priority catalog.,
EDGE-0321,CTRL-FRC04-C,implemented_by,SOL-04,3,D,RC-SCAN-INTERVENTION-CATALOG-V1,DEFINED,
EDGE-0322,SOL-04,produces_action,ACTION-04,3,D,RC-SCAN-INTERVENTION-CATALOG-V1,DEFINED,
EDGE-0323,SOL-04,measured_by,METRIC-04-01,3,D,RC-SCAN-INTERVENTION-CATALOG-V1,DEFINED,
EDGE-0324,METRIC-04-01,feeds,FEEDBACK-TEST,2,D,RC-SCAN output/feedback,DEFINED,
EDGE-0325,SOL-04,measured_by,METRIC-04-02,3,D,RC-SCAN-INTERVENTION-CATALOG-V1,DEFINED,
EDGE-0326,METRIC-04-02,feeds,FEEDBACK-TEST,2,D,RC-SCAN output/feedback,DEFINED,
EDGE-0327,SOL-04,measured_by,METRIC-04-03,3,D,RC-SCAN-INTERVENTION-CATALOG-V1,DEFINED,
EDGE-0328,METRIC-04-03,feeds,FEEDBACK-TEST,2,D,RC-SCAN output/feedback,DEFINED,
EDGE-0329,SOL-04,measured_by,METRIC-04-04,3,D,RC-SCAN-INTERVENTION-CATALOG-V1,DEFINED,
EDGE-0330,METRIC-04-04,feeds,FEEDBACK-TEST,2,D,RC-SCAN output/feedback,DEFINED,
EDGE-0331,SOL-04,supported_by_claim,CLAIM-03,3,D,TP-001 authorized claims,DEFINED,
EDGE-0332,CLAIM-03,supported_by,EVD-03,3,D,TP-001 evidence matrix,DEFINED,
EDGE-0333,FRC-05,mitigated_preventively_by,CTRL-FRC05-P,3,D,RC-SCAN-INTERVENTION-CATALOG-V1,Authorized for Scanner priority catalog.,
EDGE-0334,CTRL-FRC05-P,implemented_by,SOL-05,3,D,RC-SCAN-INTERVENTION-CATALOG-V1,DEFINED,
EDGE-0335,FRC-05,detected_by,CTRL-FRC05-D,3,D,RC-SCAN-INTERVENTION-CATALOG-V1,Authorized for Scanner priority catalog.,
EDGE-0336,CTRL-FRC05-D,implemented_by,SOL-05,3,D,RC-SCAN-INTERVENTION-CATALOG-V1,DEFINED,
EDGE-0337,FRC-05,corrected_by,CTRL-FRC05-C,3,D,RC-SCAN-INTERVENTION-CATALOG-V1,Authorized for Scanner priority catalog.,
EDGE-0338,CTRL-FRC05-C,implemented_by,SOL-05,3,D,RC-SCAN-INTERVENTION-CATALOG-V1,DEFINED,
EDGE-0339,SOL-05,produces_action,ACTION-05,3,D,RC-SCAN-INTERVENTION-CATALOG-V1,DEFINED,
EDGE-0340,SOL-05,measured_by,METRIC-05-01,3,D,RC-SCAN-INTERVENTION-CATALOG-V1,DEFINED,
EDGE-0341,METRIC-05-01,feeds,FEEDBACK-TEST,2,D,RC-SCAN output/feedback,DEFINED,
EDGE-0342,SOL-05,measured_by,METRIC-05-02,3,D,RC-SCAN-INTERVENTION-CATALOG-V1,DEFINED,
EDGE-0343,METRIC-05-02,feeds,FEEDBACK-TEST,2,D,RC-SCAN output/feedback,DEFINED,
EDGE-0344,SOL-05,measured_by,METRIC-05-03,3,D,RC-SCAN-INTERVENTION-CATALOG-V1,DEFINED,
EDGE-0345,METRIC-05-03,feeds,FEEDBACK-TEST,2,D,RC-SCAN output/feedback,DEFINED,
EDGE-0346,SOL-05,measured_by,METRIC-05-04,3,D,RC-SCAN-INTERVENTION-CATALOG-V1,DEFINED,
EDGE-0347,METRIC-05-04,feeds,FEEDBACK-TEST,2,D,RC-SCAN output/feedback,DEFINED,
EDGE-0348,SOL-05,supported_by_claim,CLAIM-06,3,D,TP-001 authorized claims,DEFINED,
EDGE-0349,CLAIM-06,supported_by,EVD-06,3,D,TP-001 evidence matrix,DEFINED,
EDGE-0350,SOL-05,supported_by_claim,CLAIM-07,3,D,TP-001 authorized claims,DEFINED,
EDGE-0351,CLAIM-07,supported_by,EVD-07,3,D,TP-001 evidence matrix,DEFINED,
EDGE-0352,FRC-06,mitigated_preventively_by,CTRL-FRC06-P,3,D,RC-SCAN-INTERVENTION-CATALOG-V1,Authorized for Scanner priority catalog.,
EDGE-0353,CTRL-FRC06-P,implemented_by,SOL-06,3,D,RC-SCAN-INTERVENTION-CATALOG-V1,DEFINED,
EDGE-0354,FRC-06,detected_by,CTRL-FRC06-D,3,D,RC-SCAN-INTERVENTION-CATALOG-V1,Authorized for Scanner priority catalog.,
EDGE-0355,CTRL-FRC06-D,implemented_by,SOL-06,3,D,RC-SCAN-INTERVENTION-CATALOG-V1,DEFINED,
EDGE-0356,FRC-06,corrected_by,CTRL-FRC06-C,3,D,RC-SCAN-INTERVENTION-CATALOG-V1,Authorized for Scanner priority catalog.,
EDGE-0357,CTRL-FRC06-C,implemented_by,SOL-06,3,D,RC-SCAN-INTERVENTION-CATALOG-V1,DEFINED,
EDGE-0358,SOL-06,produces_action,ACTION-06,3,D,RC-SCAN-INTERVENTION-CATALOG-V1,DEFINED,
EDGE-0359,SOL-06,measured_by,METRIC-06-01,3,D,RC-SCAN-INTERVENTION-CATALOG-V1,DEFINED,
EDGE-0360,METRIC-06-01,feeds,FEEDBACK-TEST,2,D,RC-SCAN output/feedback,DEFINED,
EDGE-0361,SOL-06,measured_by,METRIC-06-02,3,D,RC-SCAN-INTERVENTION-CATALOG-V1,DEFINED,
EDGE-0362,METRIC-06-02,feeds,FEEDBACK-TEST,2,D,RC-SCAN output/feedback,DEFINED,
EDGE-0363,SOL-06,measured_by,METRIC-06-03,3,D,RC-SCAN-INTERVENTION-CATALOG-V1,DEFINED,
EDGE-0364,METRIC-06-03,feeds,FEEDBACK-TEST,2,D,RC-SCAN output/feedback,DEFINED,
EDGE-0365,SOL-06,measured_by,METRIC-06-04,3,D,RC-SCAN-INTERVENTION-CATALOG-V1,DEFINED,
EDGE-0366,METRIC-06-04,feeds,FEEDBACK-TEST,2,D,RC-SCAN output/feedback,DEFINED,
EDGE-0367,SOL-06,supported_by_claim,CLAIM-05,3,D,TP-001 authorized claims,DEFINED,
EDGE-0368,CLAIM-05,supported_by,EVD-05,3,D,TP-001 evidence matrix,DEFINED,
EDGE-0369,FRC-07,mitigated_preventively_by,CTRL-FRC07-P,3,D,RC-SCAN-INTERVENTION-CATALOG-V1,Authorized for Scanner priority catalog.,
EDGE-0370,CTRL-FRC07-P,implemented_by,SOL-07,3,D,RC-SCAN-INTERVENTION-CATALOG-V1,DEFINED,
EDGE-0371,FRC-07,detected_by,CTRL-FRC07-D,3,D,RC-SCAN-INTERVENTION-CATALOG-V1,Authorized for Scanner priority catalog.,
EDGE-0372,CTRL-FRC07-D,implemented_by,SOL-07,3,D,RC-SCAN-INTERVENTION-CATALOG-V1,DEFINED,
EDGE-0373,FRC-07,corrected_by,CTRL-FRC07-C,3,D,RC-SCAN-INTERVENTION-CATALOG-V1,Authorized for Scanner priority catalog.,
EDGE-0374,CTRL-FRC07-C,implemented_by,SOL-07,3,D,RC-SCAN-INTERVENTION-CATALOG-V1,DEFINED,
EDGE-0375,SOL-07,produces_action,ACTION-07,3,D,RC-SCAN-INTERVENTION-CATALOG-V1,DEFINED,
EDGE-0376,SOL-07,measured_by,METRIC-07-01,3,D,RC-SCAN-INTERVENTION-CATALOG-V1,DEFINED,
EDGE-0377,METRIC-07-01,feeds,FEEDBACK-TEST,2,D,RC-SCAN output/feedback,DEFINED,
EDGE-0378,SOL-07,measured_by,METRIC-07-02,3,D,RC-SCAN-INTERVENTION-CATALOG-V1,DEFINED,
EDGE-0379,METRIC-07-02,feeds,FEEDBACK-TEST,2,D,RC-SCAN output/feedback,DEFINED,
EDGE-0380,SOL-07,measured_by,METRIC-07-03,3,D,RC-SCAN-INTERVENTION-CATALOG-V1,DEFINED,
EDGE-0381,METRIC-07-03,feeds,FEEDBACK-TEST,2,D,RC-SCAN output/feedback,DEFINED,
EDGE-0382,SOL-07,measured_by,METRIC-07-04,3,D,RC-SCAN-INTERVENTION-CATALOG-V1,DEFINED,
EDGE-0383,METRIC-07-04,feeds,FEEDBACK-TEST,2,D,RC-SCAN output/feedback,DEFINED,
EDGE-0384,SOL-07,supported_by_claim,CLAIM-04,3,D,TP-001 authorized claims,DEFINED,
EDGE-0385,CLAIM-04,supported_by,EVD-04,3,D,TP-001 evidence matrix,DEFINED,
EDGE-0386,FRC-09,mitigated_preventively_by,CTRL-FRC09-P,3,D,RC-SCAN-INTERVENTION-CATALOG-V1,Authorized for Scanner priority catalog.,
EDGE-0387,CTRL-FRC09-P,implemented_by,SOL-09,3,D,RC-SCAN-INTERVENTION-CATALOG-V1,DEFINED,
EDGE-0388,FRC-09,detected_by,CTRL-FRC09-D,3,D,RC-SCAN-INTERVENTION-CATALOG-V1,Authorized for Scanner priority catalog.,
EDGE-0389,CTRL-FRC09-D,implemented_by,SOL-09,3,D,RC-SCAN-INTERVENTION-CATALOG-V1,DEFINED,
EDGE-0390,FRC-09,corrected_by,CTRL-FRC09-C,3,D,RC-SCAN-INTERVENTION-CATALOG-V1,Authorized for Scanner priority catalog.,
EDGE-0391,CTRL-FRC09-C,implemented_by,SOL-09,3,D,RC-SCAN-INTERVENTION-CATALOG-V1,DEFINED,
EDGE-0392,SOL-09,produces_action,ACTION-09,3,D,RC-SCAN-INTERVENTION-CATALOG-V1,DEFINED,
EDGE-0393,SOL-09,measured_by,METRIC-09-01,3,D,RC-SCAN-INTERVENTION-CATALOG-V1,DEFINED,
EDGE-0394,METRIC-09-01,feeds,FEEDBACK-TEST,2,D,RC-SCAN output/feedback,DEFINED,
EDGE-0395,SOL-09,measured_by,METRIC-09-02,3,D,RC-SCAN-INTERVENTION-CATALOG-V1,DEFINED,
EDGE-0396,METRIC-09-02,feeds,FEEDBACK-TEST,2,D,RC-SCAN output/feedback,DEFINED,
EDGE-0397,SOL-09,measured_by,METRIC-09-03,3,D,RC-SCAN-INTERVENTION-CATALOG-V1,DEFINED,
EDGE-0398,METRIC-09-03,feeds,FEEDBACK-TEST,2,D,RC-SCAN output/feedback,DEFINED,
EDGE-0399,SOL-09,measured_by,METRIC-09-04,3,D,RC-SCAN-INTERVENTION-CATALOG-V1,DEFINED,
EDGE-0400,METRIC-09-04,feeds,FEEDBACK-TEST,2,D,RC-SCAN output/feedback,DEFINED,
EDGE-0401,SOL-09,supported_by_claim,CLAIM-04,3,D,TP-001 authorized claims,DEFINED,
EDGE-0402,CLAIM-04,supported_by,EVD-04,3,D,TP-001 evidence matrix,DEFINED,
EDGE-0403,SOL-09,supported_by_claim,CLAIM-05,3,D,TP-001 authorized claims,DEFINED,
EDGE-0404,CLAIM-05,supported_by,EVD-05,3,D,TP-001 evidence matrix,DEFINED,
EDGE-0405,FRC-11,mitigated_preventively_by,CTRL-FRC11-P,3,D,RC-SCAN-INTERVENTION-CATALOG-V1,Authorized for Scanner priority catalog.,
EDGE-0406,CTRL-FRC11-P,implemented_by,SOL-11,3,D,RC-SCAN-INTERVENTION-CATALOG-V1,DEFINED,
EDGE-0407,FRC-11,detected_by,CTRL-FRC11-D,3,D,RC-SCAN-INTERVENTION-CATALOG-V1,Authorized for Scanner priority catalog.,
EDGE-0408,CTRL-FRC11-D,implemented_by,SOL-11,3,D,RC-SCAN-INTERVENTION-CATALOG-V1,DEFINED,
EDGE-0409,FRC-11,corrected_by,CTRL-FRC11-C,3,D,RC-SCAN-INTERVENTION-CATALOG-V1,Authorized for Scanner priority catalog.,
EDGE-0410,CTRL-FRC11-C,implemented_by,SOL-11,3,D,RC-SCAN-INTERVENTION-CATALOG-V1,DEFINED,
EDGE-0411,SOL-11,produces_action,ACTION-11,3,D,RC-SCAN-INTERVENTION-CATALOG-V1,DEFINED,
EDGE-0412,SOL-11,measured_by,METRIC-11-01,3,D,RC-SCAN-INTERVENTION-CATALOG-V1,DEFINED,
EDGE-0413,METRIC-11-01,feeds,FEEDBACK-TEST,2,D,RC-SCAN output/feedback,DEFINED,
EDGE-0414,SOL-11,measured_by,METRIC-11-02,3,D,RC-SCAN-INTERVENTION-CATALOG-V1,DEFINED,
EDGE-0415,METRIC-11-02,feeds,FEEDBACK-TEST,2,D,RC-SCAN output/feedback,DEFINED,
EDGE-0416,SOL-11,measured_by,METRIC-11-03,3,D,RC-SCAN-INTERVENTION-CATALOG-V1,DEFINED,
EDGE-0417,METRIC-11-03,feeds,FEEDBACK-TEST,2,D,RC-SCAN output/feedback,DEFINED,
EDGE-0418,SOL-11,measured_by,METRIC-11-04,3,D,RC-SCAN-INTERVENTION-CATALOG-V1,DEFINED,
EDGE-0419,METRIC-11-04,feeds,FEEDBACK-TEST,2,D,RC-SCAN output/feedback,DEFINED,
EDGE-0420,SOL-11,supported_by_claim,CLAIM-08,3,D,TP-001 authorized claims,DEFINED,
EDGE-0421,CLAIM-08,supported_by,EVD-08,3,D,TP-001 evidence matrix,DEFINED,
EDGE-0422,FRC-15,mitigated_preventively_by,CTRL-FRC15-P,3,D,RC-SCAN-INTERVENTION-CATALOG-V1,Authorized for Scanner priority catalog.,
EDGE-0423,CTRL-FRC15-P,implemented_by,SOL-15,3,D,RC-SCAN-INTERVENTION-CATALOG-V1,DEFINED,
EDGE-0424,FRC-15,detected_by,CTRL-FRC15-D,3,D,RC-SCAN-INTERVENTION-CATALOG-V1,Authorized for Scanner priority catalog.,
EDGE-0425,CTRL-FRC15-D,implemented_by,SOL-15,3,D,RC-SCAN-INTERVENTION-CATALOG-V1,DEFINED,
EDGE-0426,FRC-15,corrected_by,CTRL-FRC15-C,3,D,RC-SCAN-INTERVENTION-CATALOG-V1,Authorized for Scanner priority catalog.,
EDGE-0427,CTRL-FRC15-C,implemented_by,SOL-15,3,D,RC-SCAN-INTERVENTION-CATALOG-V1,DEFINED,
EDGE-0428,SOL-15,produces_action,ACTION-15,3,D,RC-SCAN-INTERVENTION-CATALOG-V1,DEFINED,
EDGE-0429,SOL-15,measured_by,METRIC-15-01,3,D,RC-SCAN-INTERVENTION-CATALOG-V1,DEFINED,
EDGE-0430,METRIC-15-01,feeds,FEEDBACK-TEST,2,D,RC-SCAN output/feedback,DEFINED,
EDGE-0431,SOL-15,measured_by,METRIC-15-02,3,D,RC-SCAN-INTERVENTION-CATALOG-V1,DEFINED,
EDGE-0432,METRIC-15-02,feeds,FEEDBACK-TEST,2,D,RC-SCAN output/feedback,DEFINED,
EDGE-0433,SOL-15,measured_by,METRIC-15-03,3,D,RC-SCAN-INTERVENTION-CATALOG-V1,DEFINED,
EDGE-0434,METRIC-15-03,feeds,FEEDBACK-TEST,2,D,RC-SCAN output/feedback,DEFINED,
EDGE-0435,SOL-15,measured_by,METRIC-15-04,3,D,RC-SCAN-INTERVENTION-CATALOG-V1,DEFINED,
EDGE-0436,METRIC-15-04,feeds,FEEDBACK-TEST,2,D,RC-SCAN output/feedback,DEFINED,
EDGE-0437,SOL-15,measured_by,METRIC-15-05,3,D,RC-SCAN-INTERVENTION-CATALOG-V1,DEFINED,
EDGE-0438,METRIC-15-05,feeds,FEEDBACK-TEST,2,D,RC-SCAN output/feedback,DEFINED,
EDGE-0439,SOL-15,supported_by_claim,CLAIM-09,3,D,TP-001 authorized claims,DEFINED,
EDGE-0440,CLAIM-09,supported_by,EVD-09,3,D,TP-001 evidence matrix,DEFINED,
EDGE-0441,CLAIM-01,governs_or_supports,FRC-01,2,D,TP-001.AUTHORIZED_CLAIMS.V1,DEFINED,
EDGE-0442,CLAIM-01,governs_or_supports,FRC-02,2,D,TP-001.AUTHORIZED_CLAIMS.V1,DEFINED,
EDGE-0443,CLAIM-01,governs_or_supports,FRC-03,2,D,TP-001.AUTHORIZED_CLAIMS.V1,DEFINED,
EDGE-0444,CLAIM-01,governs_or_supports,FRC-04,2,D,TP-001.AUTHORIZED_CLAIMS.V1,DEFINED,
EDGE-0445,CLAIM-01,governs_or_supports,FRC-05,2,D,TP-001.AUTHORIZED_CLAIMS.V1,DEFINED,
EDGE-0446,CLAIM-01,governs_or_supports,FRC-06,2,D,TP-001.AUTHORIZED_CLAIMS.V1,DEFINED,
EDGE-0447,CLAIM-01,governs_or_supports,FRC-07,2,D,TP-001.AUTHORIZED_CLAIMS.V1,DEFINED,
EDGE-0448,CLAIM-01,governs_or_supports,FRC-08,2,D,TP-001.AUTHORIZED_CLAIMS.V1,DEFINED,
EDGE-0449,CLAIM-01,governs_or_supports,FRC-09,2,D,TP-001.AUTHORIZED_CLAIMS.V1,DEFINED,
EDGE-0450,CLAIM-01,governs_or_supports,FRC-10,2,D,TP-001.AUTHORIZED_CLAIMS.V1,DEFINED,
EDGE-0451,CLAIM-01,governs_or_supports,FRC-11,2,D,TP-001.AUTHORIZED_CLAIMS.V1,DEFINED,
EDGE-0452,CLAIM-01,governs_or_supports,FRC-12,2,D,TP-001.AUTHORIZED_CLAIMS.V1,DEFINED,
EDGE-0453,CLAIM-01,governs_or_supports,FRC-13,2,D,TP-001.AUTHORIZED_CLAIMS.V1,DEFINED,
EDGE-0454,CLAIM-01,governs_or_supports,FRC-14,2,D,TP-001.AUTHORIZED_CLAIMS.V1,DEFINED,
EDGE-0455,CLAIM-01,governs_or_supports,FRC-15,2,D,TP-001.AUTHORIZED_CLAIMS.V1,DEFINED,
EDGE-0456,CLAIM-01,governs_or_supports,FRC-16,2,D,TP-001.AUTHORIZED_CLAIMS.V1,DEFINED,
EDGE-0457,CLAIM-01,governs_or_supports,FRC-17,2,D,TP-001.AUTHORIZED_CLAIMS.V1,DEFINED,
EDGE-0458,CLAIM-01,governs_or_supports,FRC-18,2,D,TP-001.AUTHORIZED_CLAIMS.V1,DEFINED,
EDGE-0459,CLAIM-01,governs_or_supports,FRC-19,2,D,TP-001.AUTHORIZED_CLAIMS.V1,DEFINED,
EDGE-0460,CLAIM-01,governs_or_supports,FRC-20,2,D,TP-001.AUTHORIZED_CLAIMS.V1,DEFINED,
EDGE-0461,CLAIM-02,governs_or_supports,FRC-03,2,D,TP-001.AUTHORIZED_CLAIMS.V1,DEFINED,
EDGE-0462,CLAIM-02,governs_or_supports,FRC-08,2,D,TP-001.AUTHORIZED_CLAIMS.V1,DEFINED,
EDGE-0463,CLAIM-03,governs_or_supports,FRC-03,2,D,TP-001.AUTHORIZED_CLAIMS.V1,DEFINED,
EDGE-0464,CLAIM-03,governs_or_supports,FRC-04,2,D,TP-001.AUTHORIZED_CLAIMS.V1,DEFINED,
EDGE-0465,CLAIM-03,governs_or_supports,FRC-15,2,D,TP-001.AUTHORIZED_CLAIMS.V1,DEFINED,
EDGE-0466,CLAIM-04,governs_or_supports,FRC-07,2,D,TP-001.AUTHORIZED_CLAIMS.V1,DEFINED,
EDGE-0467,CLAIM-04,governs_or_supports,FRC-09,2,D,TP-001.AUTHORIZED_CLAIMS.V1,DEFINED,
EDGE-0468,CLAIM-04,governs_or_supports,FRC-17,2,D,TP-001.AUTHORIZED_CLAIMS.V1,DEFINED,
EDGE-0469,CLAIM-05,governs_or_supports,FRC-06,2,D,TP-001.AUTHORIZED_CLAIMS.V1,DEFINED,
EDGE-0470,CLAIM-05,governs_or_supports,FRC-17,2,D,TP-001.AUTHORIZED_CLAIMS.V1,DEFINED,
EDGE-0471,CLAIM-06,governs_or_supports,FRC-05,2,D,TP-001.AUTHORIZED_CLAIMS.V1,DEFINED,
EDGE-0472,CLAIM-07,governs_or_supports,FRC-05,2,D,TP-001.AUTHORIZED_CLAIMS.V1,DEFINED,
EDGE-0473,CLAIM-07,governs_or_supports,FRC-15,2,D,TP-001.AUTHORIZED_CLAIMS.V1,DEFINED,
EDGE-0474,CLAIM-07,governs_or_supports,FRC-18,2,D,TP-001.AUTHORIZED_CLAIMS.V1,DEFINED,
EDGE-0475,CLAIM-08,governs_or_supports,FRC-10,2,D,TP-001.AUTHORIZED_CLAIMS.V1,DEFINED,
EDGE-0476,CLAIM-08,governs_or_supports,FRC-11,2,D,TP-001.AUTHORIZED_CLAIMS.V1,DEFINED,
EDGE-0477,CLAIM-08,governs_or_supports,FRC-16,2,D,TP-001.AUTHORIZED_CLAIMS.V1,DEFINED,
EDGE-0478,CLAIM-09,governs_or_supports,FRC-15,2,D,TP-001.AUTHORIZED_CLAIMS.V1,DEFINED,
EDGE-0479,CLAIM-10,governs_or_supports,FRC-02,2,D,TP-001.AUTHORIZED_CLAIMS.V1,DEFINED,
EDGE-0480,CLAIM-10,governs_or_supports,FRC-14,2,D,TP-001.AUTHORIZED_CLAIMS.V1,DEFINED,
EDGE-0481,CLAIM-10,governs_or_supports,FRC-19,2,D,TP-001.AUTHORIZED_CLAIMS.V1,DEFINED,
EDGE-0482,CLAIM-11,governs_or_supports,FRC-19,2,D,TP-001.AUTHORIZED_CLAIMS.V1,DEFINED,
EDGE-0483,CLAIM-11,governs_or_supports,FRC-20,2,D,TP-001.AUTHORIZED_CLAIMS.V1,DEFINED,
EDGE-0484,CLAIM-12,governs_or_supports,FRC-01,2,D,TP-001.AUTHORIZED_CLAIMS.V1,DEFINED,
EDGE-0485,CLAIM-12,governs_or_supports,FRC-02,2,D,TP-001.AUTHORIZED_CLAIMS.V1,DEFINED,
EDGE-0486,CLAIM-12,governs_or_supports,FRC-03,2,D,TP-001.AUTHORIZED_CLAIMS.V1,DEFINED,
EDGE-0487,CLAIM-12,governs_or_supports,FRC-04,2,D,TP-001.AUTHORIZED_CLAIMS.V1,DEFINED,
EDGE-0488,CLAIM-12,governs_or_supports,FRC-05,2,D,TP-001.AUTHORIZED_CLAIMS.V1,DEFINED,
EDGE-0489,CLAIM-12,governs_or_supports,FRC-06,2,D,TP-001.AUTHORIZED_CLAIMS.V1,DEFINED,
EDGE-0490,CLAIM-12,governs_or_supports,FRC-07,2,D,TP-001.AUTHORIZED_CLAIMS.V1,DEFINED,
EDGE-0491,CLAIM-12,governs_or_supports,FRC-08,2,D,TP-001.AUTHORIZED_CLAIMS.V1,DEFINED,
EDGE-0492,CLAIM-12,governs_or_supports,FRC-09,2,D,TP-001.AUTHORIZED_CLAIMS.V1,DEFINED,
EDGE-0493,CLAIM-12,governs_or_supports,FRC-10,2,D,TP-001.AUTHORIZED_CLAIMS.V1,DEFINED,
EDGE-0494,CLAIM-12,governs_or_supports,FRC-11,2,D,TP-001.AUTHORIZED_CLAIMS.V1,DEFINED,
EDGE-0495,CLAIM-12,governs_or_supports,FRC-12,2,D,TP-001.AUTHORIZED_CLAIMS.V1,DEFINED,
EDGE-0496,CLAIM-12,governs_or_supports,FRC-13,2,D,TP-001.AUTHORIZED_CLAIMS.V1,DEFINED,
EDGE-0497,CLAIM-12,governs_or_supports,FRC-14,2,D,TP-001.AUTHORIZED_CLAIMS.V1,DEFINED,
EDGE-0498,CLAIM-12,governs_or_supports,FRC-15,2,D,TP-001.AUTHORIZED_CLAIMS.V1,DEFINED,
EDGE-0499,CLAIM-12,governs_or_supports,FRC-16,2,D,TP-001.AUTHORIZED_CLAIMS.V1,DEFINED,
EDGE-0500,CLAIM-12,governs_or_supports,FRC-17,2,D,TP-001.AUTHORIZED_CLAIMS.V1,DEFINED,
EDGE-0501,CLAIM-12,governs_or_supports,FRC-18,2,D,TP-001.AUTHORIZED_CLAIMS.V1,DEFINED,
EDGE-0502,CLAIM-12,governs_or_supports,FRC-19,2,D,TP-001.AUTHORIZED_CLAIMS.V1,DEFINED,
EDGE-0503,CLAIM-12,governs_or_supports,FRC-20,2,D,TP-001.AUTHORIZED_CLAIMS.V1,DEFINED,
EDGE-0504,CLAIM-13,governs_or_supports,FRC-20,2,D,TP-001.AUTHORIZED_CLAIMS.V1,DEFINED,
EDGE-0505,FEEDBACK-TEST,creates,LEARNING-RC,3,D,RC-SCAN feedback,DEFINED,
EDGE-0506,LEARNING-RC,updates,CORE-OBJECTIVE,2,D,RC-LEARN,DEFINED,
EDGE-0507,LEARNING-RC,informs,CORE-SITUATION,2,D,RC-LEARN,DEFINED,
EDGE-0508,FEEDBACK-TEST,measured_by,ENGINE-MEASURE,3,D,TP-001 engine architecture,DEFINED,
EDGE-0509,FRC-03,amplifies,FRC-04,1,E,Modelagem relacional derivada de coocorrências documentadas,Aresta de navegação; não representa causalidade científica.,
EDGE-0510,FRC-03,co_occurs_with,FRC-15,1,E,Modelagem relacional derivada de coocorrências documentadas,Aresta de navegação; não representa causalidade científica.,
EDGE-0511,FRC-04,amplifies,FRC-03,1,E,Modelagem relacional derivada de coocorrências documentadas,Aresta de navegação; não representa causalidade científica.,
EDGE-0512,FRC-05,co_occurs_with,FRC-15,1,E,Modelagem relacional derivada de coocorrências documentadas,Aresta de navegação; não representa causalidade científica.,
EDGE-0513,FRC-05,co_occurs_with,FRC-10,1,E,Modelagem relacional derivada de coocorrências documentadas,Aresta de navegação; não representa causalidade científica.,
EDGE-0514,FRC-05,co_occurs_with,FRC-18,1,E,Modelagem relacional derivada de coocorrências documentadas,Aresta de navegação; não representa causalidade científica.,
EDGE-0515,FRC-06,interacts_with,FRC-07,1,E,Modelagem relacional derivada de coocorrências documentadas,Aresta de navegação; não representa causalidade científica.,
EDGE-0516,FRC-06,interacts_with,FRC-09,1,E,Modelagem relacional derivada de coocorrências documentadas,Aresta de navegação; não representa causalidade científica.,
EDGE-0517,FRC-07,interacts_with,FRC-09,1,E,Modelagem relacional derivada de coocorrências documentadas,Aresta de navegação; não representa causalidade científica.,
EDGE-0518,FRC-09,interacts_with,FRC-17,1,E,Modelagem relacional derivada de coocorrências documentadas,Aresta de navegação; não representa causalidade científica.,
EDGE-0519,FRC-10,interacts_with,FRC-11,1,E,Modelagem relacional derivada de coocorrências documentadas,Aresta de navegação; não representa causalidade científica.,
EDGE-0520,FRC-10,interacts_with,FRC-16,1,E,Modelagem relacional derivada de coocorrências documentadas,Aresta de navegação; não representa causalidade científica.,
EDGE-0521,FRC-11,interacts_with,FRC-16,1,E,Modelagem relacional derivada de coocorrências documentadas,Aresta de navegação; não representa causalidade científica.,
EDGE-0522,FRC-12,interacts_with,FRC-13,1,E,Modelagem relacional derivada de coocorrências documentadas,Aresta de navegação; não representa causalidade científica.,
EDGE-0523,FRC-14,interacts_with,FRC-18,1,E,Modelagem relacional derivada de coocorrências documentadas,Aresta de navegação; não representa causalidade científica.,
EDGE-0524,FRC-15,amplifies,FRC-18,1,E,Modelagem relacional derivada de coocorrências documentadas,Aresta de navegação; não representa causalidade científica.,
EDGE-0525,FRC-19,aggregates,FRC-03,1,E,Modelagem relacional derivada de coocorrências documentadas,Aresta de navegação; não representa causalidade científica.,
EDGE-0526,FRC-19,aggregates,FRC-05,1,E,Modelagem relacional derivada de coocorrências documentadas,Aresta de navegação; não representa causalidade científica.,
EDGE-0527,FRC-19,aggregates,FRC-15,1,E,Modelagem relacional derivada de coocorrências documentadas,Aresta de navegação; não representa causalidade científica.,
EDGE-0528,FRC-20,interprets_systemically,FRC-19,1,E,Modelagem relacional derivada de coocorrências documentadas,Aresta de navegação; não representa causalidade científica.,
